Label,Spectral Centroid Mean,Spectral Bandwidth Mean,RMS Mean,Zero-Crossing Rate Mean,Spectral Contrast Mean,Pitch Mean,Pitch Confidence Mean,Mel Spectrogram Mean,Mel Spectrogram Variance,Energy Mean
Angry,2242.027698,2664.320773,0.042656645,0.053075611,19.4240118,1375.677002,0.064664386,0.585550904,47.54230118,0.042656645
Angry,2113.47124,2166.574628,0.077715389,0.057015535,21.67427109,1663.623657,0.115130775,2.101467609,390.2535095,0.077715389
Angry,2269.646871,2058.726826,0.08272928,0.063355334,21.72085698,1775.970581,0.115196183,1.953562498,369.0504761,0.08272928
Angry,2205.428229,2568.804672,0.078023568,0.053249596,20.23699659,1233.608032,0.10709808,2.365867376,670.1813965,0.078023568
Angry,1788.345705,1932.42199,0.087319791,0.049506106,20.93303577,1336.043945,0.121406183,2.522402525,593.3547363,0.087319791
Angry,1847.959313,2245.938947,0.067732364,0.044216954,21.25415202,1172.861084,0.091019519,1.639015675,239.5628052,0.067732364
Angry,2118.603037,2246.771953,0.056264043,0.060746677,20.46848747,1386.410278,0.075630538,1.085469961,139.106842,0.056264043
Angry,1951.25275,2060.224645,0.083072074,0.055435075,20.46664779,1506.374023,0.123441823,2.268051624,571.9619751,0.083072074
Angry,2409.675399,2252.312284,0.123101324,0.071511315,21.75755488,1739.861694,0.18174471,3.911864281,1052.143066,0.123101324
Angry,2221.795205,2070.056441,0.078405373,0.066063892,21.03387289,1773.590942,0.125348732,1.903906822,275.6130066,0.078405373
Angry,2409.31278,2111.271503,0.084832981,0.076059626,21.07120738,1818.974976,0.126213536,2.447179079,633.5045776,0.084832981
Angry,2611.757127,2034.368602,0.090085678,0.089469962,20.21339031,1964.890747,0.162702382,1.900736332,287.7388306,0.090085678
Angry,2292.952146,1775.318442,0.081648678,0.082774335,20.53568724,1888.43103,0.160905138,1.444487929,110.4263077,0.081648678
Angry,2203.83995,1995.635905,0.068699934,0.071201509,19.56551224,1722.928101,0.128846034,1.301419258,93.13756561,0.068699934
Angry,1778.544656,1767.467676,0.062654532,0.05432157,20.14172819,1697.532593,0.085096121,1.637471914,296.0105896,0.062654532
Angry,2157.744197,2007.949304,0.104975201,0.069029499,21.8622577,1790.242188,0.169809788,2.58994031,362.6000061,0.104975201
Angry,1690.471966,1910.342488,0.07976307,0.044821974,20.81119041,1494.179932,0.111729033,1.892727017,475.0851746,0.07976307
Angry,2556.773219,2221.558191,0.110375062,0.076427802,21.28369865,1859.63208,0.1719632,3.898065329,1293.858765,0.110375062
Angry,4924.239733,2931.932849,0.085295998,0.188246453,21.51187344,2294.920898,0.104819678,0.825777769,52.62381363,0.085295998
Angry,2806.361748,2894.95563,0.069750927,0.072302667,19.79395201,1450.055298,0.105160974,2.330276728,542.8203735,0.069750927
Angry,1706.253309,1700.602822,0.163008943,0.049314161,23.62326711,1600.132935,0.184459567,4.885490417,828.90271,0.163008943
Angry,1798.463079,2066.017781,0.079625823,0.045341685,20.13162713,1442.464111,0.09391202,1.503800035,102.3162537,0.079625823
Angry,2661.69045,2610.377468,0.089078732,0.077048536,19.43743842,1703.007935,0.152536497,2.456693649,514.6324463,0.089078732
Angry,2544.565069,2388.528717,0.126638845,0.077977954,20.24655939,1725.453979,0.23539184,3.526613951,477.717865,0.126638845
Angry,2125.630776,1715.582017,0.126752585,0.071771731,21.11080515,1701.538208,0.191547871,4.617504597,1897.931763,0.126752585
Angry,2330.722727,2003.828953,0.108450316,0.073693427,21.56977965,1772.563232,0.183581442,2.67281127,442.706604,0.108450316
Angry,2063.094717,2146.367618,0.134916648,0.050461342,22.70443189,1258.918091,0.164217666,4.535827637,1654.025879,0.134916648
Angry,2465.117658,2390.925942,0.096512824,0.066621767,20.36516038,1639.839722,0.170155019,2.374214172,352.8332214,0.096512824
Angry,2780.362267,2529.818849,0.138221949,0.073674344,21.67929038,1646.008423,0.181076571,4.131290913,1119.285767,0.138221949
Angry,2035.315061,2119.065536,0.104580618,0.051651176,21.50481254,1348.286011,0.130387872,3.177764416,896.2814941,0.104580618
Angry,2215.660851,2202.233069,0.118160203,0.057571166,21.64999429,1496.686646,0.175207913,3.254911423,640.1046143,0.118160203
Angry,2469.166758,2396.698591,0.135817125,0.06539938,21.58649048,1597.972534,0.180298984,4.323444366,1208.16748,0.135817125
Angry,2360.766791,2434.649419,0.138440967,0.054184626,21.26109127,1468.406006,0.134779945,5.604125023,3484.729004,0.138440967
Angry,2158.94119,2387.17713,0.121564806,0.045925377,21.86899981,1235.579346,0.131868407,3.630448818,1120.875977,0.121564806
Angry,2355.362503,2254.621632,0.098410986,0.064115257,21.126974,1573.942993,0.134370878,2.383163214,371.1517334,0.098410986
Angry,2224.518727,2159.867977,0.116608299,0.058150368,22.08710823,1496.10376,0.135945931,3.272989273,772.4906006,0.116608299
Angry,2515.049056,2231.54563,0.112546951,0.075326643,20.99949085,1739.827026,0.138967529,3.260304928,974.206665,0.112546951
Angry,2102.056031,2282.456607,0.123311043,0.055411503,22.27783257,1366.689087,0.162031963,4.496880054,1455.865479,0.123311043
Angry,1928.798236,2020.426718,0.121962793,0.052041801,22.65589525,1419.628906,0.166140467,4.034618378,1004.737366,0.121962793
Angry,2486.082282,2642.572874,0.087420687,0.070719962,19.8103245,1620.851196,0.165902033,2.049761295,174.6784973,0.087420687
Angry,2711.530549,2896.697443,0.100692831,0.068787042,20.38041149,1500.909424,0.158659637,3.099234819,1095.559814,0.100692831
Angry,2602.443615,2607.783949,0.098059818,0.073648527,20.48254054,1545.679565,0.157256067,2.684796095,466.1853333,0.098059818
Angry,2806.765124,2472.719476,0.086102553,0.089674255,20.59918361,1797.005859,0.144909725,1.84792912,201.495224,0.086102553
Angry,2864.658424,2766.778106,0.074611597,0.088767286,19.73176555,1685.816284,0.129357368,1.973953009,355.4466553,0.074611597
Angry,2562.561085,2735.869654,0.078333683,0.069460533,20.12374308,1521.359741,0.137739569,1.706576109,167.0750885,0.078333683
Angry,2516.10382,2845.368716,0.087420098,0.061260776,19.40120109,1371.632324,0.144882232,2.443555355,355.5883179,0.087420098
Angry,2202.350345,2339.243568,0.180569321,0.059113461,22.25115276,1535.719849,0.264408141,7.890257359,2799.369629,0.180569321
Angry,2492.820547,2478.383528,0.149590343,0.066584725,21.90330056,1714.313721,0.253386885,4.448990822,892.282959,0.149590343
Angry,3409.049002,2764.212997,0.156069458,0.105317214,21.98544964,2105.45874,0.284186602,4.131219387,515.5054321,0.156069458
Angry,2841.713633,2542.399033,0.144681156,0.088331762,21.89247522,1728.031738,0.241842687,4.526667595,820.1381226,0.144681156
Angry,2494.582712,2476.857229,0.109780759,0.071127425,22.52880231,1641.853516,0.129837483,3.427809,1040.133667,0.109780759
Angry,2155.133321,2181.488984,0.08203128,0.06189498,21.53791701,1737.445679,0.145561233,1.381595254,81.47185516,0.08203128
Angry,1931.897077,2236.393729,0.115155905,0.050343481,21.59837167,1428.619751,0.160978988,3.770755291,710.9526367,0.115155905
Angry,2320.62774,2308.458436,0.069052629,0.063965966,21.38899829,1483.828247,0.113883428,1.648630023,215.7196045,0.069052629
Angry,2243.679078,2718.002862,0.067132063,0.056544091,21.46517828,1409.282349,0.091242008,1.531816959,142.4661102,0.067132063
Angry,2702.947366,3410.267273,0.040288918,0.059257139,20.1909781,1135.353394,0.050297625,0.865305483,92.9198761,0.040288918
Angry,1778.586475,1780.417046,0.121101744,0.046769486,23.73240688,1291.6698,0.146352202,4.125600338,1150.987305,0.121101744
Angry,2684.276397,2475.752638,0.077042505,0.077085578,21.80464983,1570.098999,0.100177556,2.130497217,337.6392517,0.077042505
Angry,2229.643069,2164.054579,0.09983582,0.060759025,22.30041706,1125.006958,0.120159984,2.808817387,474.3088379,0.09983582
Angry,2119.801503,2090.246787,0.107074246,0.058154858,22.58285281,954.9450073,0.134592384,3.005521059,540.9688721,0.107074246
Angry,2383.35689,2187.107029,0.107481882,0.066721668,22.18312562,1198.019043,0.137406632,3.543553591,803.3258667,0.107481882
Angry,2196.394646,2151.965315,0.130708605,0.066838407,22.42210369,1144.6427,0.167434663,4.490269184,1002.543091,0.130708605
Angry,1993.173109,2209.238209,0.097487405,0.049318651,22.01610703,1119.329102,0.146549955,2.691082239,324.9571838,0.097487405
Angry,2474.224568,2352.106924,0.129756898,0.068017017,22.60159652,1580.248413,0.161339551,4.534418106,1956.312744,0.129756898
Angry,2493.303204,2273.143997,0.096508473,0.069922997,22.04858065,1746.373169,0.124712661,2.529359818,576.9436646,0.096508473
Angry,1287.771347,993.2201433,0.248514071,0.044990347,21.12635647,1348.130981,0.346357465,15.52399921,11771.81348,0.248514071
Angry,1372.907495,1011.252795,0.292700499,0.049613865,21.30034157,1492.423706,0.475244522,17.6711483,11765.92969,0.292700499
Angry,1304.024134,1837.664728,0.098270409,0.023303924,21.56127704,993.5744019,0.09252128,3.34792161,1566.567871,0.098270409
Angry,1286.551525,1725.390248,0.093049228,0.02654005,21.79837508,1224.270752,0.08588779,3.114430428,2628.474365,0.093049228
Angry,1371.316404,1759.760665,0.07246621,0.028735632,21.60534911,1280.095703,0.071462736,2.19245553,1391.254272,0.07246621
Angry,1554.589818,1774.135234,0.087101988,0.037630208,22.84760573,1316.412598,0.093783371,2.777846813,1641.932617,0.087101988
Angry,2536.448578,3167.421881,0.092239328,0.050144801,21.30443676,1044.015259,0.057416208,1.767575622,204.164856,0.092239328
Angry,2004.555614,2048.834408,0.088856697,0.05195088,23.7081656,1610.002197,0.114216268,2.408236504,643.3824463,0.088856697
Angry,2413.062381,2853.608482,0.11543484,0.047807786,19.44682951,1570.90332,0.096322082,3.362405777,1303.464966,0.11543484
Angry,3296.827994,2914.952421,0.060007934,0.105887437,20.52376324,1748.158936,0.074639998,2.228461742,867.8091431,0.060007934
Angry,3427.904903,3109.000195,0.058577623,0.113944639,20.39651781,1704.437744,0.072749116,1.978369832,748.5441284,0.058577623
Angry,2834.954127,2294.508697,0.084984228,0.091616155,24.03135649,1782.94165,0.094230101,2.552333117,1273.638184,0.084984228
Angry,2141.770057,1897.367752,0.0868719,0.069678296,24.24123964,1662.605225,0.111920081,2.424911261,712.2346802,0.0868719
Angry,2607.464769,2221.41113,0.086238235,0.083117816,22.80758507,1764.378418,0.110221885,2.65267849,831.2775879,0.086238235
Angry,1935.701142,1835.716315,0.116557144,0.052637841,22.46507373,1471.775757,0.153058052,4.439457893,2257.180664,0.116557144
Angry,3057.13197,2580.347196,0.042428419,0.102876931,21.66540705,1882.803833,0.054959025,0.926500499,252.6159058,0.042428419
Angry,2637.261397,2180.504535,0.11256323,0.085521058,22.34452741,1733.927002,0.144798338,4.252654552,1875.173096,0.11256323
Angry,2751.891787,2289.586996,0.083645016,0.085600754,22.75546336,1804.058594,0.121921495,2.08582902,524.1636353,0.083645016
Angry,2370.735,2131.249534,0.112456053,0.07497306,22.7868414,1732.105713,0.142741829,4.58800602,3519.431152,0.112456053
Angry,2791.64805,2242.820357,0.114090748,0.094769217,22.44218959,1705.306274,0.148170412,4.353472233,1788.641235,0.114090748
Angry,1527.715698,1489.855945,0.109815411,0.045222701,22.78649583,1423.149414,0.132711262,3.109851599,764.3637085,0.109815411
Angry,1591.140531,1685.525595,0.048640966,0.048734959,21.07930418,1344.549438,0.06533511,0.792065024,65.40060425,0.048640966
Angry,1931.808192,1891.939213,0.062920094,0.058043732,21.69634218,1632.875488,0.087800577,1.161664605,112.5578003,0.062920094
Angry,1859.769026,2270.332029,0.049472254,0.044632274,20.85235609,1535.835083,0.067613631,1.121609688,233.1942291,0.049472254
Angry,1866.247864,2148.870151,0.043170437,0.048740571,21.332274,1531.121704,0.060414188,0.716221929,53.61988068,0.043170437
Angry,1654.846827,1616.568479,0.100808911,0.051291981,22.33089098,1442.187622,0.118705913,2.889153719,640.1677246,0.100808911
Angry,3789.022601,3491.920376,0.049276419,0.113945761,21.98496471,1684.811035,0.074802339,1.259597063,284.8735046,0.049276419
Angry,3216.722492,3115.758286,0.046214286,0.095007184,21.71631594,1540.58606,0.06677258,0.994776845,160.5444031,0.046214286
Angry,3080.571822,2830.321962,0.055277895,0.091842897,22.53912838,1712.70166,0.072328396,1.064589143,336.5905457,0.055277895
Angry,3255.140332,3010.031284,0.059605863,0.099976428,22.15510391,1684.860962,0.084347174,1.417572975,252.8177032,0.059605863
Angry,3273.267531,3147.223046,0.039766882,0.090493669,22.27505251,1630.963989,0.056309327,0.78940928,831.899231,0.039766882
Angry,3330.202094,2929.713918,0.0765239,0.096738057,22.46287034,1722.205444,0.106404811,1.936830521,415.7804871,0.0765239
Angry,3027.612659,3031.035469,0.066596277,0.081974003,22.58870349,1666.041626,0.09145803,1.777288914,418.0822449,0.066596277
Angry,2780.762966,2915.637108,0.087403104,0.065766433,24.07773929,1471.177856,0.106122471,2.578768015,869.6886597,0.087403104
Angry,3715.414439,3319.678391,0.049978271,0.117378323,21.52989006,1708.97168,0.071297653,1.163207531,241.3097687,0.049978271
Angry,3297.733795,3052.745,0.054129805,0.097283585,22.60061991,1613.131592,0.072574176,1.280254245,178.521637,0.054129805
Angry,3713.172575,3257.55759,0.046501379,0.111150772,21.90039773,1789.550903,0.062816516,0.834874928,89.44789124,0.046501379
Angry,3506.826241,3028.090385,0.070422798,0.10744208,21.40012809,1581.845215,0.087901816,1.717000723,340.4147949,0.070422798
Angry,3045.124571,2983.929243,0.105857052,0.08457368,20.45290837,1780.051758,0.186614305,3.023071051,802.6378174,0.105857052
Angry,3192.424772,3190.966013,0.098978914,0.086286593,21.47075932,1429.659912,0.132492647,3.013168335,951.5097656,0.098978914
Neutral,2667.402429,2542.465368,0.103383914,0.08163805,21.58035067,1445.445068,0.116958305,3.579052925,1831.536865,0.103383914
Neutral,2339.18497,2418.014573,0.068300568,0.067108464,20.36731555,1531.009888,0.097475447,1.206014395,95.93717194,0.068300568
Neutral,2467.531579,2543.291537,0.074514106,0.067118851,20.57979946,1583.334961,0.106762722,1.869833112,370.8358765,0.074514106
Neutral,2612.699418,2603.120073,0.084116116,0.076718592,20.4982984,1440.08313,0.110157169,2.37596941,670.2290649,0.084116116
Neutral,2307.632598,2547.521623,0.05656793,0.060326009,20.47151739,1577.070923,0.070917435,1.007349253,101.1749496,0.05656793
Neutral,2263.038623,2452.436215,0.094212033,0.058104492,22.22513381,1091.233032,0.113176063,2.386788368,633.2263184,0.094212033
Neutral,2708.925814,2681.940152,0.068923928,0.078287424,20.30674358,1599.244019,0.089676857,1.618450046,267.1226807,0.068923928
Neutral,2323.787658,2436.125947,0.077208601,0.067311917,20.18763922,1260.031372,0.103178792,2.05417943,495.0815125,0.077208601
Neutral,2830.685386,2656.452631,0.056022923,0.085090684,20.12606634,1483.735596,0.069115818,1.347873449,485.1927185,0.056022923
Neutral,2605.728264,2654.052218,0.080101207,0.07403418,20.91020325,1529.150024,0.094132848,2.467234373,1416.32312,0.080101207
Neutral,2086.402559,2345.249641,0.076922044,0.05689261,20.63799108,1256.285767,0.11306192,1.940832853,256.9114685,0.076922044
Neutral,2057.898012,2317.932129,0.088711977,0.054182381,21.08348232,1309.253052,0.115979187,2.777200937,1401.106323,0.088711977
Neutral,2404.647747,2468.509652,0.078818701,0.06626346,20.72993698,1533.077515,0.101561487,1.778293729,409.6829529,0.078818701
Neutral,2003.966411,2268.592034,0.06600105,0.053624065,20.89548571,1438.107544,0.095235094,1.387360096,117.2490158,0.06600105
Neutral,2403.60543,2491.194008,0.081277274,0.067823553,20.85048641,1389.363525,0.103767522,1.981187224,664.8377075,0.081277274
Neutral,2368.741197,2665.502383,0.058960218,0.063050444,19.96207635,1453.837402,0.069378078,1.319709659,773.888916,0.058960218
Neutral,2008.66661,2406.883926,0.065483809,0.051348766,20.4329673,1374.418945,0.085873112,1.496718049,382.1150208,0.065483809
Neutral,2266.152839,2456.007931,0.041696183,0.059770019,20.62303751,1434.79248,0.051029656,0.704200923,153.5340881,0.041696183
Neutral,2399.435616,2394.278287,0.080001272,0.0698372,21.41943427,1682.17688,0.10099759,1.775635362,251.6525269,0.080001272
Neutral,2229.981897,2435.677805,0.089831956,0.058198006,21.0319743,1477.19165,0.113002785,2.66957283,968.4177856,0.089831956
Neutral,2137.629078,2460.946728,0.088930868,0.054667529,20.8694703,1426.858887,0.125756338,2.250660181,279.9239197,0.088930868
Neutral,2324.63886,2455.165519,0.070381634,0.064503257,20.4944864,1501.157471,0.097468786,1.713817835,454.9826355,0.070381634
Neutral,2308.09276,2460.90085,0.05056487,0.061948811,20.91232918,1572.836914,0.073200427,0.712816536,36.08169174,0.05056487
Neutral,2550.783683,2452.674534,0.051678333,0.075711326,20.56321523,1425.381348,0.063322775,0.851223469,92.67834473,0.051678333
Neutral,2501.524833,2612.614384,0.071340181,0.067967346,20.31099578,1457.317261,0.101185858,1.679382086,361.3273926,0.071340181
Neutral,2631.179706,2509.217225,0.055823367,0.080771327,20.19089992,1475.502686,0.078190289,1.113796234,137.4761963,0.055823367
Neutral,2728.280467,2740.589616,0.038284842,0.074373667,20.4291573,1414.31189,0.049660914,0.630357981,74.49947357,0.038284842
Neutral,2725.833441,2560.070846,0.093939498,0.088824251,20.69032892,1456.677002,0.128558561,2.261198997,342.3825378,0.093939498
Neutral,2796.451994,2690.278836,0.057842966,0.083053934,20.72568256,1479.831177,0.079012826,1.042216063,143.1944275,0.057842966
Neutral,2489.088946,2507.921443,0.020775992,0.071329168,21.05434229,1593.035889,0.026692038,0.134889945,1.572817326,0.020775992
Neutral,2615.505813,2720.625844,0.054364305,0.070556641,20.49151071,1457.54126,0.071741179,1.340907216,279.5727844,0.054364305
Neutral,2699.197015,2561.576995,0.082498908,0.082360765,21.16735925,1621.86084,0.109261535,2.008971691,344.7308044,0.082498908
Neutral,2940.887106,2564.24944,0.02005187,0.094748352,20.68477541,1571.900757,0.027869815,0.101996481,0.781357765,0.02005187
Neutral,2206.0561,2442.737665,0.069138549,0.059417787,20.48864556,1308.844482,0.090725958,1.807918191,690.9755859,0.069138549
Neutral,2221.481987,2362.048915,0.093650833,0.06167283,21.46855087,1353.820557,0.128921404,2.61557889,644.9534912,0.093650833
Neutral,2475.583019,2533.999364,0.055558365,0.072451826,20.06057446,1279.278564,0.08001516,1.028535128,93.92559814,0.055558365
Neutral,2306.492559,2400.05872,0.077316754,0.065791155,20.70237247,1471.563965,0.11594253,1.533013701,163.3847046,0.077316754
Neutral,2375.811876,2491.881214,0.063278005,0.064515034,20.4880743,1466.42395,0.092183039,1.199049711,127.9996643,0.063278005
Neutral,2578.068206,2504.225388,0.061208077,0.074349487,21.01001639,1481.101929,0.079268008,1.481309891,508.0692444,0.061208077
Neutral,2402.103867,2407.673884,0.052673921,0.068075857,20.75727616,1566.726929,0.071489766,0.814460099,72.10995483,0.052673921
Neutral,2529.318361,2483.080482,0.075242601,0.07512004,21.12475583,1355.114502,0.101231486,1.764210463,265.4067688,0.075242601
Neutral,2381.751916,2471.26798,0.07596454,0.06818506,20.31365063,1361.975708,0.102933958,1.847783923,321.7902832,0.07596454
Neutral,2271.464073,2462.943036,0.078641705,0.060800502,20.37931442,1375.644043,0.097978666,2.146854162,673.5925903,0.078641705
Neutral,2579.623591,2529.026938,0.056965511,0.074370353,20.63271057,1476.493896,0.076375917,1.085079789,152.4694977,0.056965511
Neutral,2127.44677,2404.006441,0.077307425,0.05188862,20.56751621,1349.527344,0.107645102,1.930754781,644.9290161,0.077307425
Neutral,1951.083311,2148.520974,0.068398364,0.052670988,20.5670939,1327.843262,0.092467114,1.513294935,320.1117554,0.068398364
Neutral,2272.128957,2316.10117,0.056495488,0.064727721,20.58437719,1454.868896,0.078802772,1.11128509,199.3167572,0.056495488
Neutral,1871.571632,2123.089676,0.08376234,0.049131332,21.06024431,1302.901123,0.11325378,2.202589512,571.8256226,0.08376234
Neutral,2137.093572,2257.031111,0.069821239,0.059681149,20.46216157,1414.286377,0.096237652,1.672020197,410.8161011,0.069821239
Neutral,2305.871643,2458.831298,0.070403151,0.061968782,20.66537312,1434.661621,0.098717391,1.543374896,161.4446411,0.070403151
Neutral,2193.551872,2255.249572,0.064405486,0.063248898,21.56492089,1433.079102,0.086733535,1.298348784,221.6647797,0.064405486
Neutral,2336.889815,2500.019024,0.064058132,0.060608415,21.02565452,1433.732422,0.082437605,1.271053314,151.8112793,0.064058132
Neutral,2432.354662,2470.960116,0.046974797,0.071279077,20.26030701,1438.551392,0.065924533,0.682914913,66.26437378,0.046974797
Neutral,2734.19819,2477.474169,0.05326419,0.084002349,20.24413811,1565.96167,0.074856408,1.17905426,253.80336,0.05326419
Neutral,2321.16876,2470.071532,0.067670509,0.065928507,19.58837234,1372.850708,0.098910153,1.430195093,203.0901184,0.067670509
Neutral,2379.5593,2264.881443,0.103887573,0.075934454,20.80970177,1358.022583,0.139657542,4.094955921,1594.244263,0.103887573
Neutral,1787.634628,2348.131609,0.026168756,0.040512751,19.25133028,1096.738159,0.03966086,0.350330234,28.84754372,0.026168756
Neutral,1549.607728,2033.970408,0.105339579,0.035849946,20.42345738,1100.052612,0.138248593,4.498146057,2250.540771,0.105339579
Neutral,2075.460632,2248.447072,0.111883387,0.057621677,20.50686269,1183.800171,0.124826759,4.569468021,2650.900391,0.111883387
Neutral,1509.959287,1785.365984,0.136060685,0.040495114,21.3659773,1099.144043,0.179619059,5.908003807,2892.548584,0.136060685
Neutral,2058.824544,1997.02492,0.132495463,0.065498643,21.10742189,1279.208984,0.179198757,5.49961853,1782.927734,0.132495463
Neutral,1824.786832,2062.005833,0.143514991,0.049631825,20.7469517,1061.316772,0.169221669,6.537407398,3204.423828,0.143514991
Neutral,1493.328282,1900.696034,0.118141212,0.03769868,20.82990311,1140.680176,0.155919284,4.81348896,1535.522705,0.118141212
Neutral,1676.409586,1934.475207,0.150715619,0.045162087,21.44859904,1002.095093,0.182057962,6.785708427,3643.768066,0.150715619
Neutral,2196.415696,2188.38878,0.101839952,0.065275907,20.52081193,1302.455933,0.122767881,4.306982994,3851.54126,0.101839952
Neutral,1549.584539,1923.834709,0.14408724,0.03633486,21.02213094,1075.013794,0.185201332,6.704451084,3703.175537,0.14408724
Neutral,1689.226144,2192.064044,0.073820628,0.037381017,19.7543954,994.0256958,0.100523151,3.092212439,1268.538818,0.073820628
Neutral,1726.275653,2156.436854,0.093680963,0.041001122,19.91166278,1114.572388,0.159868822,3.908116817,1468.703857,0.093680963
Neutral,1675.379411,2059.157565,0.111978441,0.04308057,20.28954077,1003.128906,0.147536457,4.196724415,1317.687134,0.111978441
Neutral,1482.606925,1985.316246,0.095871858,0.032174928,20.17473421,1039.678345,0.131671935,3.753669739,1269.829834,0.095871858
Neutral,1679.052368,2144.206338,0.086548977,0.035539018,19.94420573,1098.278076,0.12014658,3.200007915,1055.90686,0.086548977
Neutral,1691.578315,2110.651089,0.117227614,0.040415095,20.48256902,1074.359131,0.146260932,5.699644089,3551.847412,0.117227614
Neutral,1518.531477,1778.544771,0.10602922,0.039161279,20.46344105,1002.620667,0.139662609,4.465395451,3110.240479,0.10602922
Neutral,2371.142318,2365.998727,0.128211617,0.067186378,21.27024136,1275.366699,0.145922735,5.556802273,3844.222168,0.128211617
Neutral,1643.907705,2150.719602,0.099997178,0.034628682,20.49550245,1030.047607,0.125178128,4.704855919,3092.365234,0.099997178
Neutral,1940.591847,2088.327825,0.095692284,0.056593013,20.40694795,1115.149902,0.134442165,3.520288944,1709.15271,0.095692284
Neutral,1849.927213,2416.747145,0.044385668,0.039418882,19.61938712,1222.677612,0.06625475,1.722309351,1079.772217,0.044385668
Neutral,1911.882394,2274.988411,0.056562558,0.049583558,19.70922922,1186.107178,0.080948494,1.981642604,939.8143921,0.056562558
Neutral,1769.924282,2100.411166,0.119019359,0.044507678,20.72785534,1071.465088,0.140780166,5.718706131,4021.206299,0.119019359
Neutral,1462.561481,1881.675107,0.127838701,0.035826374,20.54856012,1039.211914,0.164429933,5.65323782,2727.398926,0.127838701
Neutral,1409.898311,1874.75718,0.113734543,0.032041352,20.24569039,1074.109863,0.157422975,4.400042534,1178.610596,0.113734543
Neutral,1601.523842,1826.002579,0.151503339,0.042258217,21.48427959,1262.811768,0.216822013,6.287230968,2119.764893,0.151503339
Neutral,1633.61719,2059.058339,0.09098649,0.039108522,20.0309188,1017.971313,0.121963978,3.760561705,1698.538818,0.09098649
Neutral,1544.262521,2157.532355,0.05135512,0.032463407,19.83927057,994.0168457,0.067664407,1.986516833,734.3334351,0.05135512
Neutral,1693.825437,2074.137871,0.095090896,0.042726293,20.29767218,1320.144897,0.137206838,3.323270082,926.6483765,0.095090896
Neutral,1825.557429,2263.031238,0.075616054,0.042216685,20.01192546,1082.878052,0.099758245,2.71545887,1086.631226,0.075616054
Neutral,1422.71149,1960.315518,0.082356699,0.03161593,20.059366,927.6905518,0.106981754,3.212406874,1302.448364,0.082356699
Neutral,1654.73216,2091.334672,0.087018318,0.040177651,20.12661914,980.9204102,0.109738462,3.294466972,1586.519653,0.087018318
Neutral,1433.568799,1914.956982,0.115320005,0.031346911,20.4016328,1029.972046,0.134605095,4.782910824,2051.374756,0.115320005
Neutral,1466.104112,1959.803172,0.099426389,0.033649874,20.39119976,1060.273071,0.130859733,4.539784431,2943.495361,0.099426389
,2012.831981,2180.765988,0.086684354,0.055303745,20.34086419,1358.819336,0.113299452,3.380906343,1592.751831,0.086684354
Neutral,2263.246333,2355.544419,0.085418388,0.067003307,20.32918653,1212.152954,0.107209511,3.336393595,1878.607422,0.085418388
Neutral,1876.404698,2377.753142,0.057025276,0.043617307,19.48847073,1035.726318,0.077353336,2.462926626,1424.80957,0.057025276
Neutral,2004.353237,2147.224968,0.087408252,0.056371228,19.97004356,1234.531616,0.122192517,3.44647336,1505.505005,0.087408252
Neutral,2043.524171,2261.383125,0.057035796,0.056160201,19.69320536,1308.486206,0.08970762,1.611448884,304.415802,0.057035796
Neutral,1507.209173,1983.402771,0.11201565,0.034499596,20.49228569,1007.610901,0.148826241,5.098842144,2530.839111,0.11201565
Neutral,1376.115689,1771.857438,0.204965487,0.033084142,22.90872929,1027.727539,0.234981835,10.62362862,7983.908203,0.204965487
Neutral,1773.066186,2088.866235,0.092731893,0.045744657,20.19574309,1127.024414,0.107032523,3.932057381,2185.903076,0.092731893
Neutral,1740.400012,2193.795646,0.078806825,0.040700207,20.19494315,1237.740234,0.101947479,3.386213064,1726.995239,0.078806825
Neutral,1880.656987,2335.91478,0.035601784,0.046599991,19.12121521,1095.581177,0.058903012,0.894004464,132.1289368,0.035601784
Neutral,1897.373042,2272.429212,0.072912656,0.04925018,19.8538931,1269.478394,0.093649901,2.680719376,1773.884399,0.072912656
Neutral,1794.804704,2184.257625,0.086400948,0.044809071,19.75397451,1119.834961,0.106861368,3.723491907,2441.525635,0.086400948
Neutral,1693.619914,1967.876577,0.16873917,0.044220283,20.96168876,1159.48999,0.203577146,8.26039505,5220.566895,0.16873917
Neutral,1809.951142,2241.477845,0.044882234,0.044719535,19.53950075,1121.109863,0.066678017,1.25217104,231.9033203,0.044882234
Neutral,1684.264493,1978.791305,0.103795223,0.046408046,20.09946948,1179.979004,0.157745674,4.08289814,1236.935547,0.103795223
Neutral,1907.982074,2370.204206,0.04716694,0.045354032,19.49107912,1132.274902,0.063385293,1.583093166,514.8930054,0.04716694
,,,,,,,,,,
,,,,,,,,,,
,,,,,,,,,,
,,,,,,,,,,
,,,,,,,,,,
,,,,,,,,,,
,,,,,,,,,,
,,,,,,,,,,
,,,,,,,,,,
,,,,,,,,,,
,,,,,,,,,,
,,,,,,,,,,
,,,,,,,,,,
,,,,,,,,,,
,,,,,,,,,,
,,,,,,,,,,
,,,,,,,,,,
,,,,,,,,,,
,,,,,,,,,,
,,,,,,,,,,
,,,,,,,,,,
,,,,,,,,,,
,,,,,,,,,,
,,,,,,,,,,
,,,,,,,,,,
,,,,,,,,,,
,,,,,,,,,,
,,,,,,,,,,
,,,,,,,,,,
,,,,,,,,,,
,,,,,,,,,,
,,,,,,,,,,
,,,,,,,,,,
,,,,,,,,,,
,,,,,,,,,,
,,,,,,,,,,
,,,,,,,,,,
,,,,,,,,,,
,,,,,,,,,,
,,,,,,,,,,
,,,,,,,,,,
,,,,,,,,,,
,,,,,,,,,,
,,,,,,,,,,
,,,,,,,,,,
,,,,,,,,,,
,,,,,,,,,,
,,,,,,,,,,
,,,,,,,,,,
,,,,,,,,,,
,,,,,,,,,,
,,,,,,,,,,
,,,,,,,,,,
,,,,,,,,,,
,,,,,,,,,,
,,,,,,,,,,
,,,,,,,,,,
,,,,,,,,,,
,,,,,,,,,,
,,,,,,,,,,
,,,,,,,,,,
,,,,,,,,,,
,,,,,,,,,,
,,,,,,,,,,
,,,,,,,,,,
,,,,,,,,,,
,,,,,,,,,,
,,,,,,,,,,
,,,,,,,,,,
,,,,,,,,,,
,,,,,,,,,,
,,,,,,,,,,
,,,,,,,,,,
,,,,,,,,,,
,,,,,,,,,,
,,,,,,,,,,
,,,,,,,,,,
,,,,,,,,,,
,,,,,,,,,,
,,,,,,,,,,
,,,,,,,,,,
,,,,,,,,,,
,,,,,,,,,,
,,,,,,,,,,
,,,,,,,,,,
,,,,,,,,,,
,,,,,,,,,,
,,,,,,,,,,
,,,,,,,,,,
,,,,,,,,,,
,,,,,,,,,,
,,,,,,,,,,
,,,,,,,,,,
,,,,,,,,,,
,,,,,,,,,,
,,,,,,,,,,
,,,,,,,,,,
,,,,,,,,,,
,,,,,,,,,,
,,,,,,,,,,
,,,,,,,,,,
,,,,,,,,,,
,,,,,,,,,,
,,,,,,,,,,
,,,,,,,,,,
,,,,,,,,,,
,,,,,,,,,,
,,,,,,,,,,
,,,,,,,,,,
,,,,,,,,,,
,,,,,,,,,,
,,,,,,,,,,
,,,,,,,,,,
,,,,,,,,,,
,,,,,,,,,,
,,,,,,,,,,
,,,,,,,,,,
,,,,,,,,,,
,,,,,,,,,,
,,,,,,,,,,
,,,,,,,,,,
,,,,,,,,,,
,,,,,,,,,,
,,,,,,,,,,
,,,,,,,,,,
,,,,,,,,,,
,,,,,,,,,,
,,,,,,,,,,
,,,,,,,,,,
,,,,,,,,,,
,,,,,,,,,,
,,,,,,,,,,
,,,,,,,,,,
,,,,,,,,,,
,,,,,,,,,,
,,,,,,,,,,
,,,,,,,,,,
,,,,,,,,,,
,,,,,,,,,,
,,,,,,,,,,
,,,,,,,,,,
,,,,,,,,,,
,,,,,,,,,,
,,,,,,,,,,
,,,,,,,,,,
,,,,,,,,,,
,,,,,,,,,,
,,,,,,,,,,
,,,,,,,,,,
,,,,,,,,,,
,,,,,,,,,,
,,,,,,,,,,
,,,,,,,,,,
,,,,,,,,,,
,,,,,,,,,,
,,,,,,,,,,
,,,,,,,,,,
,,,,,,,,,,
,,,,,,,,,,
,,,,,,,,,,
,,,,,,,,,,
,,,,,,,,,,
,,,,,,,,,,
,,,,,,,,,,
,,,,,,,,,,
,,,,,,,,,,
,,,,,,,,,,
,,,,,,,,,,
,,,,,,,,,,
,,,,,,,,,,
,,,,,,,,,,
,,,,,,,,,,
,,,,,,,,,,
,,,,,,,,,,
,,,,,,,,,,
,,,,,,,,,,
,,,,,,,,,,
,,,,,,,,,,
,,,,,,,,,,
,,,,,,,,,,
,,,,,,,,,,
,,,,,,,,,,
,,,,,,,,,,
,,,,,,,,,,
,,,,,,,,,,
,,,,,,,,,,
,,,,,,,,,,
,,,,,,,,,,
,,,,,,,,,,
,,,,,,,,,,
,,,,,,,,,,
,,,,,,,,,,
,,,,,,,,,,
,,,,,,,,,,
,,,,,,,,,,
,,,,,,,,,,
,,,,,,,,,,
,,,,,,,,,,
,,,,,,,,,,
,,,,,,,,,,
,,,,,,,,,,
,,,,,,,,,,
,,,,,,,,,,
,,,,,,,,,,
,,,,,,,,,,
,,,,,,,,,,
,,,,,,,,,,
,,,,,,,,,,
,,,,,,,,,,
,,,,,,,,,,
,,,,,,,,,,
,,,,,,,,,,
,,,,,,,,,,
,,,,,,,,,,
,,,,,,,,,,
,,,,,,,,,,
,,,,,,,,,,
,,,,,,,,,,
,,,,,,,,,,
,,,,,,,,,,
,,,,,,,,,,
,,,,,,,,,,
,,,,,,,,,,
,,,,,,,,,,
,,,,,,,,,,
,,,,,,,,,,
,,,,,,,,,,
,,,,,,,,,,
,,,,,,,,,,
,,,,,,,,,,
,,,,,,,,,,
,,,,,,,,,,
,,,,,,,,,,
,,,,,,,,,,
,,,,,,,,,,
,,,,,,,,,,
,,,,,,,,,,
,,,,,,,,,,
,,,,,,,,,,
,,,,,,,,,,
,,,,,,,,,,
,,,,,,,,,,
,,,,,,,,,,
,,,,,,,,,,
,,,,,,,,,,
,,,,,,,,,,
,,,,,,,,,,
,,,,,,,,,,
,,,,,,,,,,
,,,,,,,,,,
,,,,,,,,,,
,,,,,,,,,,
,,,,,,,,,,
,,,,,,,,,,
,,,,,,,,,,
,,,,,,,,,,
,,,,,,,,,,
,,,,,,,,,,
,,,,,,,,,,
,,,,,,,,,,
,,,,,,,,,,
,,,,,,,,,,
,,,,,,,,,,
,,,,,,,,,,
,,,,,,,,,,
,,,,,,,,,,
,,,,,,,,,,
,,,,,,,,,,
,,,,,,,,,,
,,,,,,,,,,
,,,,,,,,,,
,,,,,,,,,,
,,,,,,,,,,
,,,,,,,,,,
,,,,,,,,,,
,,,,,,,,,,
,,,,,,,,,,
,,,,,,,,,,
,,,,,,,,,,
,,,,,,,,,,
,,,,,,,,,,
,,,,,,,,,,
,,,,,,,,,,
,,,,,,,,,,
,,,,,,,,,,
,,,,,,,,,,
,,,,,,,,,,
,,,,,,,,,,
,,,,,,,,,,
,,,,,,,,,,
,,,,,,,,,,
,,,,,,,,,,
,,,,,,,,,,
,,,,,,,,,,
,,,,,,,,,,
,,,,,,,,,,
,,,,,,,,,,
,,,,,,,,,,
,,,,,,,,,,
,,,,,,,,,,
,,,,,,,,,,
,,,,,,,,,,
,,,,,,,,,,
,,,,,,,,,,
,,,,,,,,,,
,,,,,,,,,,
,,,,,,,,,,
,,,,,,,,,,
,,,,,,,,,,
,,,,,,,,,,
,,,,,,,,,,
,,,,,,,,,,
,,,,,,,,,,
,,,,,,,,,,
,,,,,,,,,,
,,,,,,,,,,
,,,,,,,,,,
,,,,,,,,,,
,,,,,,,,,,
,,,,,,,,,,
,,,,,,,,,,
,,,,,,,,,,
,,,,,,,,,,
,,,,,,,,,,
,,,,,,,,,,
,,,,,,,,,,
,,,,,,,,,,
,,,,,,,,,,
,,,,,,,,,,
,,,,,,,,,,
,,,,,,,,,,
,,,,,,,,,,
,,,,,,,,,,
,,,,,,,,,,
,,,,,,,,,,
,,,,,,,,,,
,,,,,,,,,,
,,,,,,,,,,
,,,,,,,,,,
,,,,,,,,,,
,,,,,,,,,,
,,,,,,,,,,
,,,,,,,,,,
,,,,,,,,,,
,,,,,,,,,,
,,,,,,,,,,
,,,,,,,,,,
,,,,,,,,,,
,,,,,,,,,,
,,,,,,,,,,
,,,,,,,,,,
,,,,,,,,,,
,,,,,,,,,,
,,,,,,,,,,
,,,,,,,,,,
,,,,,,,,,,
,,,,,,,,,,
,,,,,,,,,,
,,,,,,,,,,
,,,,,,,,,,
,,,,,,,,,,
,,,,,,,,,,
,,,,,,,,,,
,,,,,,,,,,
,,,,,,,,,,
,,,,,,,,,,
,,,,,,,,,,
,,,,,,,,,,
,,,,,,,,,,
,,,,,,,,,,
,,,,,,,,,,
,,,,,,,,,,
,,,,,,,,,,
,,,,,,,,,,
,,,,,,,,,,
,,,,,,,,,,
,,,,,,,,,,
,,,,,,,,,,
,,,,,,,,,,
,,,,,,,,,,
,,,,,,,,,,
,,,,,,,,,,
,,,,,,,,,,
,,,,,,,,,,
,,,,,,,,,,
,,,,,,,,,,
,,,,,,,,,,
,,,,,,,,,,
,,,,,,,,,,
,,,,,,,,,,
,,,,,,,,,,
,,,,,,,,,,
,,,,,,,,,,
,,,,,,,,,,
,,,,,,,,,,
,,,,,,,,,,
,,,,,,,,,,
,,,,,,,,,,
,,,,,,,,,,
,,,,,,,,,,
,,,,,,,,,,
,,,,,,,,,,
,,,,,,,,,,
,,,,,,,,,,
,,,,,,,,,,
,,,,,,,,,,
,,,,,,,,,,
,,,,,,,,,,
,,,,,,,,,,
,,,,,,,,,,
,,,,,,,,,,
,,,,,,,,,,
,,,,,,,,,,
,,,,,,,,,,
,,,,,,,,,,
,,,,,,,,,,
,,,,,,,,,,
,,,,,,,,,,
,,,,,,,,,,
,,,,,,,,,,
,,,,,,,,,,
,,,,,,,,,,
,,,,,,,,,,
,,,,,,,,,,
,,,,,,,,,,
,,,,,,,,,,
,,,,,,,,,,
,,,,,,,,,,
,,,,,,,,,,
,,,,,,,,,,
,,,,,,,,,,
,,,,,,,,,,
,,,,,,,,,,
,,,,,,,,,,
,,,,,,,,,,
,,,,,,,,,,
,,,,,,,,,,
,,,,,,,,,,
,,,,,,,,,,
,,,,,,,,,,
,,,,,,,,,,
,,,,,,,,,,
,,,,,,,,,,
,,,,,,,,,,
,,,,,,,,,,
,,,,,,,,,,
,,,,,,,,,,
,,,,,,,,,,
,,,,,,,,,,
,,,,,,,,,,
,,,,,,,,,,
,,,,,,,,,,
,,,,,,,,,,
,,,,,,,,,,
,,,,,,,,,,
,,,,,,,,,,
,,,,,,,,,,
,,,,,,,,,,
,,,,,,,,,,
,,,,,,,,,,
,,,,,,,,,,
,,,,,,,,,,
,,,,,,,,,,
,,,,,,,,,,
,,,,,,,,,,
,,,,,,,,,,
,,,,,,,,,,
,,,,,,,,,,
,,,,,,,,,,
,,,,,,,,,,
,,,,,,,,,,
,,,,,,,,,,
,,,,,,,,,,
,,,,,,,,,,
,,,,,,,,,,
,,,,,,,,,,
,,,,,,,,,,
,,,,,,,,,,
,,,,,,,,,,
,,,,,,,,,,
,,,,,,,,,,
,,,,,,,,,,
,,,,,,,,,,
,,,,,,,,,,
,,,,,,,,,,
,,,,,,,,,,
,,,,,,,,,,
,,,,,,,,,,
,,,,,,,,,,
,,,,,,,,,,
,,,,,,,,,,
,,,,,,,,,,
,,,,,,,,,,
,,,,,,,,,,
,,,,,,,,,,
,,,,,,,,,,
,,,,,,,,,,
,,,,,,,,,,
,,,,,,,,,,
,,,,,,,,,,
,,,,,,,,,,
,,,,,,,,,,
,,,,,,,,,,
,,,,,,,,,,
,,,,,,,,,,
,,,,,,,,,,
,,,,,,,,,,
,,,,,,,,,,
,,,,,,,,,,
,,,,,,,,,,
,,,,,,,,,,
,,,,,,,,,,
,,,,,,,,,,
,,,,,,,,,,
,,,,,,,,,,
,,,,,,,,,,
,,,,,,,,,,
,,,,,,,,,,
,,,,,,,,,,
,,,,,,,,,,
,,,,,,,,,,
,,,,,,,,,,
,,,,,,,,,,
,,,,,,,,,,
,,,,,,,,,,
,,,,,,,,,,
,,,,,,,,,,
,,,,,,,,,,
,,,,,,,,,,
,,,,,,,,,,
,,,,,,,,,,
,,,,,,,,,,
,,,,,,,,,,
,,,,,,,,,,
,,,,,,,,,,
,,,,,,,,,,
,,,,,,,,,,
,,,,,,,,,,
,,,,,,,,,,
,,,,,,,,,,
,,,,,,,,,,
,,,,,,,,,,
,,,,,,,,,,
,,,,,,,,,,
,,,,,,,,,,
,,,,,,,,,,
,,,,,,,,,,
,,,,,,,,,,
,,,,,,,,,,
,,,,,,,,,,
,,,,,,,,,,
,,,,,,,,,,
,,,,,,,,,,
,,,,,,,,,,
,,,,,,,,,,
,,,,,,,,,,
,,,,,,,,,,
,,,,,,,,,,
,,,,,,,,,,
,,,,,,,,,,
,,,,,,,,,,
,,,,,,,,,,
,,,,,,,,,,
,,,,,,,,,,
,,,,,,,,,,
,,,,,,,,,,
,,,,,,,,,,
,,,,,,,,,,
,,,,,,,,,,
,,,,,,,,,,
,,,,,,,,,,
,,,,,,,,,,
,,,,,,,,,,
,,,,,,,,,,
,,,,,,,,,,
,,,,,,,,,,
,,,,,,,,,,
,,,,,,,,,,
,,,,,,,,,,
,,,,,,,,,,
,,,,,,,,,,
,,,,,,,,,,
,,,,,,,,,,
,,,,,,,,,,
,,,,,,,,,,
,,,,,,,,,,
,,,,,,,,,,
,,,,,,,,,,
,,,,,,,,,,
,,,,,,,,,,
,,,,,,,,,,
,,,,,,,,,,
,,,,,,,,,,
,,,,,,,,,,
,,,,,,,,,,
,,,,,,,,,,
,,,,,,,,,,
,,,,,,,,,,
,,,,,,,,,,
,,,,,,,,,,
,,,,,,,,,,
,,,,,,,,,,
,,,,,,,,,,
,,,,,,,,,,
,,,,,,,,,,
,,,,,,,,,,
,,,,,,,,,,
,,,,,,,,,,
,,,,,,,,,,
,,,,,,,,,,
,,,,,,,,,,
,,,,,,,,,,
,,,,,,,,,,
,,,,,,,,,,
,,,,,,,,,,
,,,,,,,,,,
,,,,,,,,,,
,,,,,,,,,,
,,,,,,,,,,
,,,,,,,,,,
,,,,,,,,,,
,,,,,,,,,,
,,,,,,,,,,
,,,,,,,,,,
,,,,,,,,,,
,,,,,,,,,,
,,,,,,,,,,
,,,,,,,,,,
,,,,,,,,,,
,,,,,,,,,,
,,,,,,,,,,
,,,,,,,,,,
,,,,,,,,,,
,,,,,,,,,,
,,,,,,,,,,
,,,,,,,,,,
,,,,,,,,,,
,,,,,,,,,,
,,,,,,,,,,
,,,,,,,,,,
,,,,,,,,,,
,,,,,,,,,,
,,,,,,,,,,
,,,,,,,,,,
,,,,,,,,,,
,,,,,,,,,,
,,,,,,,,,,
,,,,,,,,,,
,,,,,,,,,,
,,,,,,,,,,
,,,,,,,,,,
,,,,,,,,,,
,,,,,,,,,,
,,,,,,,,,,
,,,,,,,,,,
,,,,,,,,,,
,,,,,,,,,,
,,,,,,,,,,
,,,,,,,,,,
,,,,,,,,,,
,,,,,,,,,,
,,,,,,,,,,
,,,,,,,,,,
,,,,,,,,,,
,,,,,,,,,,
,,,,,,,,,,
,,,,,,,,,,
,,,,,,,,,,
,,,,,,,,,,
,,,,,,,,,,
,,,,,,,,,,
,,,,,,,,,,
,,,,,,,,,,
,,,,,,,,,,
,,,,,,,,,,
,,,,,,,,,,
,,,,,,,,,,
,,,,,,,,,,
,,,,,,,,,,
,,,,,,,,,,
,,,,,,,,,,
,,,,,,,,,,
,,,,,,,,,,
,,,,,,,,,,
,,,,,,,,,,
,,,,,,,,,,
,,,,,,,,,,
,,,,,,,,,,
,,,,,,,,,,
,,,,,,,,,,
,,,,,,,,,,
,,,,,,,,,,
,,,,,,,,,,
,,,,,,,,,,
,,,,,,,,,,
,,,,,,,,,,
,,,,,,,,,,
,,,,,,,,,,
,,,,,,,,,,
,,,,,,,,,,
,,,,,,,,,,
,,,,,,,,,,
,,,,,,,,,,
,,,,,,,,,,
,,,,,,,,,,
,,,,,,,,,,
,,,,,,,,,,
,,,,,,,,,,
,,,,,,,,,,
,,,,,,,,,,
,,,,,,,,,,
,,,,,,,,,,
,,,,,,,,,,
,,,,,,,,,,
,,,,,,,,,,
,,,,,,,,,,
,,,,,,,,,,
,,,,,,,,,,
,,,,,,,,,,
,,,,,,,,,,
,,,,,,,,,,
,,,,,,,,,,
,,,,,,,,,,
,,,,,,,,,,
,,,,,,,,,,
,,,,,,,,,,
,,,,,,,,,,
,,,,,,,,,,
,,,,,,,,,,
,,,,,,,,,,
,,,,,,,,,,
,,,,,,,,,,
,,,,,,,,,,
,,,,,,,,,,
,,,,,,,,,,
,,,,,,,,,,
,,,,,,,,,,
,,,,,,,,,,
,,,,,,,,,,
,,,,,,,,,,
,,,,,,,,,,
,,,,,,,,,,
,,,,,,,,,,
,,,,,,,,,,
,,,,,,,,,,
,,,,,,,,,,
,,,,,,,,,,
,,,,,,,,,,
,,,,,,,,,,
,,,,,,,,,,
,,,,,,,,,,
,,,,,,,,,,
,,,,,,,,,,
,,,,,,,,,,
,,,,,,,,,,
,,,,,,,,,,
,,,,,,,,,,
,,,,,,,,,,
,,,,,,,,,,
,,,,,,,,,,
,,,,,,,,,,
,,,,,,,,,,
,,,,,,,,,,
,,,,,,,,,,
,,,,,,,,,,
,,,,,,,,,,
,,,,,,,,,,
,,,,,,,,,,
,,,,,,,,,,
,,,,,,,,,,
,,,,,,,,,,
,,,,,,,,,,
,,,,,,,,,,
,,,,,,,,,,
,,,,,,,,,,
,,,,,,,,,,
,,,,,,,,,,
,,,,,,,,,,
,,,,,,,,,,
,,,,,,,,,,
